Subject	Department
Request for Annual Leave	HR
System Access Issue	IT
New Product Inquiry	Sales
Marketing Campaign Results	Marketing
Invoice Discrepancy	Finance
Customer Complaint Resolution	Customer Service
Contract Review Needed	Legal
Supply Chain Update	Operations
Meeting Room Booking	HR
Employee Onboarding Process	IT
Password Reset	Sales
Sales Performance Report	Marketing
Social Media Strategy	Finance
Budget Approval	Customer Service
Customer Feedback	Legal
Legal Compliance Issue	Operations
Project Deadline Extension	HR
IT Security Alert	IT
Market Research Data	Sales
Payroll Query	Marketing
Technical Support Request	Finance
Promotional Event Plan	Customer Service
Expense Reimbursement	Legal
Client Contract Renewal	Operations
Inventory Management	HR
Staff Training Session	IT
Software Upgrade Notification	Sales
New Hire Documentation	Marketing
Business Development Proposal	Finance
Employee Performance Review	Customer Service
Website Update Request	Legal
Financial Audit Schedule	Operations
Product Launch Plan	HR
Customer Retention Strategy	IT
GDPR Compliance	Sales
Shipping Delay Notification	Marketing
Company Policy Update	Finance
Travel Booking Confirmation	Customer Service
Data Analysis Report	Legal
Supplier Agreement Review	Operations
Request for Annual Leave	HR
System Access Issue	IT
New Product Inquiry	Sales
Marketing Campaign Results	Marketing
Invoice Discrepancy	Finance
Customer Complaint Resolution	Customer Service
Contract Review Needed	Legal
Supply Chain Update	Operations
Meeting Room Booking	HR
Employee Onboarding Process	IT
Password Reset	Sales
Sales Performance Report	Marketing
Social Media Strategy	Finance
Budget Approval	Customer Service
Customer Feedback	Legal
Legal Compliance Issue	Operations
Project Deadline Extension	HR
IT Security Alert	IT
Market Research Data	Sales
Payroll Query	Marketing
Technical Support Request	Finance
Promotional Event Plan	Customer Service
Expense Reimbursement	Legal
Client Contract Renewal	Operations
Inventory Management	HR
Staff Training Session	IT
Software Upgrade Notification	Sales
New Hire Documentation	Marketing
Business Development Proposal	Finance
Employee Performance Review	Customer Service
Website Update Request	Legal
Financial Audit Schedule	Operations
Product Launch Plan	HR
Customer Retention Strategy	IT
GDPR Compliance	Sales
Shipping Delay Notification	Marketing
Company Policy Update	Finance
Travel Booking Confirmation	Customer Service
Data Analysis Report	Legal
Supplier Agreement Review	Operations
Request for Annual Leave	HR
System Access Issue	IT
New Product Inquiry	Sales
Marketing Campaign Results	Marketing
Invoice Discrepancy	Finance
Customer Complaint Resolution	Customer Service
Contract Review Needed	Legal
Supply Chain Update	Operations
Meeting Room Booking	HR
Employee Onboarding Process	IT
Password Reset	Sales
Sales Performance Report	Marketing
Social Media Strategy	Finance
Budget Approval	Customer Service
Customer Feedback	Legal
Legal Compliance Issue	Operations
Project Deadline Extension	HR
IT Security Alert	IT
Market Research Data	Sales
Payroll Query	Marketing
Technical Support Request	Finance
Promotional Event Plan	Customer Service
Expense Reimbursement	Legal
Client Contract Renewal	Operations
Inventory Management	HR
Staff Training Session	IT
Software Upgrade Notification	Sales
New Hire Documentation	Marketing
Business Development Proposal	Finance
Employee Performance Review	Customer Service
Website Update Request	Legal
Financial Audit Schedule	Operations
Product Launch Plan	HR
Customer Retention Strategy	IT
GDPR Compliance	Sales
Shipping Delay Notification	Marketing
Company Policy Update	Finance
Travel Booking Confirmation	Customer Service
Data Analysis Report	Legal
Supplier Agreement Review	Operations
Request for Annual Leave	HR
System Access Issue	IT
New Product Inquiry	Sales
Marketing Campaign Results	Marketing
Invoice Discrepancy	Finance
Customer Complaint Resolution	Customer Service
Contract Review Needed	Legal
Supply Chain Update	Operations
Meeting Room Booking	HR
Employee Onboarding Process	IT
Password Reset	Sales
Sales Performance Report	Marketing
Social Media Strategy	Finance
Budget Approval	Customer Service
Customer Feedback	Legal
Legal Compliance Issue	Operations
Project Deadline Extension	HR
IT Security Alert	IT
Market Research Data	Sales
Payroll Query	Marketing
Technical Support Request	Finance
Promotional Event Plan	Customer Service
Expense Reimbursement	Legal
Client Contract Renewal	Operations
Inventory Management	HR
Staff Training Session	IT
Software Upgrade Notification	Sales
New Hire Documentation	Marketing
Business Development Proposal	Finance
Employee Performance Review	Customer Service
Website Update Request	Legal
Financial Audit Schedule	Operations
Product Launch Plan	HR
Customer Retention Strategy	IT
GDPR Compliance	Sales
Shipping Delay Notification	Marketing
Company Policy Update	Finance
Travel Booking Confirmation	Customer Service
Data Analysis Report	Legal
Supplier Agreement Review	Operations
Request for Annual Leave	HR
System Access Issue	IT
New Product Inquiry	Sales
Marketing Campaign Results	Marketing
Invoice Discrepancy	Finance
Customer Complaint Resolution	Customer Service
Contract Review Needed	Legal
Supply Chain Update	Operations
Meeting Room Booking	HR
Employee Onboarding Process	IT
Password Reset	Sales
Sales Performance Report	Marketing
Social Media Strategy	Finance
Budget Approval	Customer Service
Customer Feedback	Legal
Legal Compliance Issue	Operations
Project Deadline Extension	HR
IT Security Alert	IT
Market Research Data	Sales
Payroll Query	Marketing
Technical Support Request	Finance
Promotional Event Plan	Customer Service
Expense Reimbursement	Legal
Client Contract Renewal	Operations
Inventory Management	HR
Staff Training Session	IT
Software Upgrade Notification	Sales
New Hire Documentation	Marketing
Business Development Proposal	Finance
Employee Performance Review	Customer Service
Website Update Request	Legal
Financial Audit Schedule	Operations
Product Launch Plan	HR
Customer Retention Strategy	IT
GDPR Compliance	Sales
Shipping Delay Notification	Marketing
Company Policy Update	Finance
Travel Booking Confirmation	Customer Service
Data Analysis Report	Legal
Supplier Agreement Review	Operations
